timestamp,co2In,co2Out,temp,water,capture_efficiency
2026-07-08 18:59:44,1165.0,1053.0,28.56,1084.0,9.6137339055794
2026-07-08 18:59:45,1165.0,1053.0,28.56,1084.0,9.6137339055794
2026-07-08 19:00:19,1331.0,845.0,28.38,1158.0,36.51389932381668
2026-07-08 19:00:34,1309.0,1036.0,28.56,1366.0,20.855614973262032
2026-07-08 19:00:51,1251.0,1061.0,28.62,1434.0,15.18784972022382
2026-07-08 19:01:08,1269.0,1066.0,28.69,935.0,15.99684791174153
2026-07-08 19:01:22,1343.0,1123.0,29.31,1040.0,16.381236038719287
2026-07-08 19:01:37,1271.0,1131.0,28.44,1039.0,11.014948859166012
2026-07-08 19:01:52,1309.0,1094.0,28.56,1280.0,16.424751718869366
2026-07-08 19:02:07,1260.0,1126.0,28.44,1474.0,10.634920634920634
2026-07-08 19:02:24,1236.0,1088.0,28.87,1345.0,11.974110032362459
2026-07-08 19:02:41,1255.0,1138.0,28.5,1186.0,9.322709163346614
2026-07-08 19:02:55,1227.0,1073.0,28.56,1461.0,12.550937245313772
2026-07-08 19:03:11,1207.0,1099.0,28.56,1403.0,8.947804473902236
2026-07-08 19:03:27,1232.0,1057.0,28.62,1239.0,14.204545454545455
2026-07-08 19:32:06,1760.0,1094.0,28.5,1328.0,37.84090909090909
2026-07-08 19:32:23,1649.0,1161.0,28.75,1383.0,29.59369314736204
2026-07-08 19:32:57,1489.0,1130.0,28.62,958.0,24.110141034251175
2026-07-08 19:33:16,1425.0,1094.0,28.44,1330.0,23.228070175438596
2026-07-08 19:33:35,1423.0,1120.0,28.38,1143.0,21.29304286718201
2026-07-08 19:33:40,1343.0,1097.0,28.56,1239.0,18.317200297840657
2026-07-08 19:33:58,1356.0,1122.0,28.69,1477.0,17.25663716814159
2026-07-08 19:34:14,1386.0,1124.0,28.5,1107.0,18.9033189033189
2026-07-08 20:14:12,1936.0,1093.0,28.56,1221.0,43.54338842975206
2026-07-08 23:59:46,1454.0,592.0,28.06,1763.0,59.28473177441541
2026-07-09 00:00:05,1254.0,609.0,27.75,839.0,51.43540669856459
2026-07-09 00:00:17,1361.0,577.0,27.62,1454.0,57.60470242468772
2026-07-09 00:00:33,1205.0,535.0,27.56,794.0,55.601659751037346
2026-07-09 00:00:48,1229.0,597.0,28.25,677.0,51.42392188771359
2026-07-09 00:01:03,1218.0,586.0,28.06,983.0,51.88834154351396
2026-07-09 00:01:19,1363.0,624.0,28.56,1305.0,54.218635363169476
2026-07-09 00:01:34,1185.0,645.0,27.87,1071.0,45.56962025316456
2026-07-09 00:02:06,1214.0,626.0,27.62,895.0,48.43492586490939
2026-07-09 00:02:53,1104.0,601.0,27.69,754.0,45.561594202898554
2026-07-09 00:03:07,1062.0,624.0,28.0,841.0,41.24293785310734
2026-07-09 00:03:23,1040.0,554.0,28.0,818.0,46.73076923076923
2026-07-09 00:03:40,1051.0,555.0,28.06,1488.0,47.19314938154139
2026-07-09 00:03:53,1059.0,560.0,27.81,1294.0,47.11992445703494
2026-07-09 00:04:09,1071.0,561.0,27.5,833.0,47.61904761904761
2026-07-09 00:04:42,1082.0,572.0,26.75,790.0,47.13493530499076
2026-07-09 00:04:55,1073.0,561.0,27.5,797.0,47.71668219944082
2026-07-09 00:05:11,1098.0,555.0,27.5,794.0,49.45355191256831
2026-07-09 00:08:09,1053.0,593.0,27.44,830.0,43.68471035137702
2026-07-09 00:08:25,1199.0,621.0,30.94,1232.0,48.20683903252711
2026-07-09 00:08:40,991.0,582.0,28.0,816.0,41.27144298688194
2026-07-09 00:08:56,902.0,560.0,27.44,814.0,37.91574279379157
2026-07-09 00:09:11,1161.0,567.0,34.69,1246.0,51.162790697674424
2026-07-09 00:09:27,946.0,554.0,27.81,807.0,41.43763213530655
2026-07-09 00:09:43,961.0,484.0,27.44,806.0,49.63579604578564
2026-07-09 00:09:58,1041.0,489.0,27.31,810.0,53.02593659942363
2026-07-09 00:10:13,1023.0,496.0,27.19,803.0,51.515151515151516
2026-07-09 00:10:28,1170.0,539.0,36.44,1250.0,53.93162393162393
2026-07-09 00:10:43,1064.0,573.0,36.25,1232.0,46.14661654135339
2026-07-09 00:10:59,971.0,542.0,32.63,1262.0,44.18125643666323
2026-07-09 00:11:15,834.0,526.0,28.44,829.0,36.930455635491604
2026-07-09 00:11:30,862.0,489.0,27.56,816.0,43.27146171693735
2026-07-09 00:11:46,1044.0,481.0,30.5,1242.0,53.9272030651341
2026-07-09 00:12:01,857.0,523.0,27.87,794.0,38.973162193698954
2026-07-09 00:12:17,886.0,499.0,27.19,788.0,43.67945823927765
2026-07-09 00:12:32,1064.0,543.0,30.25,1787.0,48.96616541353384
2026-07-09 00:12:47,843.0,511.0,27.87,1309.0,39.383155397390276
2026-07-09 00:13:03,897.0,496.0,26.87,1004.0,44.70457079152732
2026-07-09 00:13:34,963.0,467.0,27.0,803.0,51.505711318795434
2026-07-09 00:13:18,939.0,511.0,27.0,857.0,45.580404685835994
2026-07-09 00:13:49,970.0,511.0,27.25,778.0,47.319587628865975
2026-07-09 00:14:04,1008.0,528.0,27.31,836.0,47.61904761904761
2026-07-09 00:14:19,1011.0,510.0,27.31,858.0,49.554896142433236
2026-07-09 00:26:53,1219.0,579.0,30.0,1365.0,52.502050861361774
2026-07-09 00:27:07,1081.0,615.0,28.25,895.0,43.10823311748381
2026-07-09 00:27:22,1089.0,579.0,29.94,853.0,46.83195592286501
2026-07-09 00:27:52,1154.0,646.0,33.44,1268.0,44.0207972270364
2026-07-09 00:28:08,953.0,613.0,33.63,1275.0,35.67681007345226
2026-07-09 00:28:25,939.0,577.0,29.81,1296.0,38.55165069222577
2026-07-09 00:28:39,868.0,823.0,28.5,867.0,5.184331797235023
2026-07-09 00:28:56,940.0,553.0,28.12,785.0,41.170212765957444
2026-07-09 00:45:01,1566.0,557.0,28.5,642.0,64.4316730523627
2026-07-09 00:45:17,1462.0,571.0,28.38,642.0,60.94391244870041
2026-07-09 00:45:33,1379.0,592.0,28.5,707.0,57.07034082668601
2026-07-09 00:45:50,1254.0,560.0,28.56,534.0,55.34290271132376
2026-07-09 00:48:20,1088.0,580.0,28.5,562.0,46.69117647058824
2026-07-09 00:48:38,1088.0,577.0,28.5,554.0,46.966911764705884
2026-07-09 00:48:52,1129.0,577.0,28.5,577.0,48.892825509300266
2026-07-09 00:49:08,1157.0,365.0,28.5,529.0,68.45289541918756
2026-07-09 00:49:23,1168.0,531.0,28.56,540.0,54.53767123287672
2026-07-09 00:49:39,1153.0,508.0,28.5,510.0,55.941023417172595
2026-07-09 00:49:55,1166.0,480.0,28.5,528.0,58.83361921097771
2026-07-09 00:50:41,982.0,496.0,28.5,480.0,49.490835030549896
2026-07-09 00:50:56,1140.0,501.0,28.56,494.0,56.05263157894736
2026-07-09 00:51:13,1164.0,525.0,28.5,505.0,54.89690721649485
2026-07-09 00:51:27,1188.0,506.0,28.5,1585.0,57.407407407407405
2026-07-09 00:52:15,1118.0,483.0,28.44,1575.0,56.79785330948122
2026-07-09 00:52:30,1149.0,478.0,28.5,1530.0,58.39860748476936
2026-07-09 00:52:46,1180.0,483.0,28.56,1493.0,59.06779661016949
2026-07-09 00:53:18,958.0,459.0,28.56,1283.0,52.087682672233825
2026-07-09 00:53:35,976.0,400.0,28.56,1243.0,59.01639344262295
2026-07-09 00:53:49,1013.0,399.0,28.56,1113.0,60.61204343534057
2026-07-09 00:54:05,1005.0,465.0,28.56,1049.0,53.73134328358209
2026-07-09 00:54:20,1069.0,418.0,28.56,1023.0,60.89803554724041
2026-07-09 00:54:35,1087.0,432.0,28.56,1074.0,60.25758969641214
2026-07-09 00:54:52,1117.0,426.0,28.56,1059.0,61.86213070725156
2026-07-09 00:55:06,1127.0,425.0,28.56,1078.0,62.289263531499564
2026-07-09 00:55:21,1146.0,433.0,28.56,1092.0,62.21640488656196
2026-07-09 00:55:37,1158.0,445.0,28.56,1154.0,61.571675302245254
2026-07-09 00:55:52,1168.0,433.0,28.56,1045.0,62.928082191780824
2026-07-09 00:56:08,1138.0,442.0,28.56,1034.0,61.15992970123023
2026-07-09 00:56:39,2291.0,534.0,28.62,828.0,76.6914011348756
2026-07-09 00:56:55,2633.0,448.0,28.56,625.0,82.98518799848082
2026-07-09 00:57:25,1477.0,490.0,28.56,993.0,66.82464454976304
2026-07-09 00:57:42,1904.0,495.0,28.62,1346.0,74.00210084033614
2026-07-09 00:57:56,2863.0,437.0,28.94,1442.0,84.73629060426127
2026-07-09 00:59:14,1104.0,507.0,28.62,1008.0,54.07608695652174
2026-07-09 00:59:30,1015.0,480.0,28.69,1044.0,52.70935960591133
2026-07-09 00:59:46,998.0,464.0,28.75,1072.0,53.50701402805611
2026-07-09 01:00:01,1149.0,458.0,28.75,1034.0,60.13925152306353
2026-07-09 01:00:18,1206.0,523.0,29.0,622.0,56.633499170812605
2026-07-09 01:00:33,1217.0,538.0,28.69,987.0,55.792933442892355
2026-07-09 01:01:20,1200.0,540.0,29.75,1093.0,55.00000000000001
2026-07-09 01:01:51,1258.0,522.0,28.87,905.0,58.50556438791733
2026-07-09 01:02:21,1275.0,528.0,28.87,986.0,58.58823529411765
2026-07-09 01:02:37,1355.0,497.0,28.81,752.0,63.321033210332104
2026-07-09 01:02:53,1223.0,501.0,28.75,1023.0,59.035159443990196
2026-07-09 01:03:08,1168.0,511.0,28.81,1046.0,56.25
2026-07-09 01:03:23,1495.0,529.0,29.06,667.0,64.61538461538461
2026-07-09 01:03:39,1702.0,501.0,28.62,753.0,70.56404230317274
2026-07-09 01:03:55,1938.0,544.0,29.0,1347.0,71.9298245614035
2026-07-09 01:04:10,1898.0,525.0,28.81,1018.0,72.33930453108536
2026-07-09 01:04:25,1882.0,524.0,28.94,541.0,72.15727948990435
2026-07-09 01:04:41,1674.0,494.0,28.19,982.0,70.48984468339306
2026-07-09 01:04:57,2336.0,486.0,29.31,880.0,79.19520547945206
2026-07-09 01:05:13,2618.0,493.0,29.5,597.0,81.16883116883116
2026-07-09 01:05:28,2096.0,509.0,28.62,802.0,75.71564885496184
2026-07-09 01:05:44,1698.0,549.0,28.75,928.0,67.6678445229682
2026-07-09 01:06:15,1653.0,875.0,28.75,710.0,47.0659407138536
2026-07-09 01:07:03,1807.0,545.0,28.62,938.0,69.83951300498063
2026-07-09 01:07:33,1302.0,632.0,28.5,1385.0,51.45929339477726
2026-07-09 01:07:49,1140.0,587.0,28.94,410.0,48.50877192982456
2026-07-09 01:08:06,1270.0,528.0,28.38,839.0,58.425196850393704
2026-07-09 01:08:20,1261.0,433.0,28.44,953.0,65.66217287866772
2026-07-09 01:08:35,1392.0,482.0,28.62,394.0,65.37356321839081
2026-07-09 01:08:50,1621.0,499.0,28.5,841.0,69.21653300431832
2026-07-09 01:09:06,1668.0,492.0,28.62,635.0,70.50359712230215
2026-07-09 01:09:21,1837.0,525.0,28.5,725.0,71.4207947740882
2026-07-09 01:09:37,1875.0,530.0,28.75,985.0,71.73333333333333
2026-07-09 01:09:54,1459.0,528.0,28.56,432.0,63.81082933516107
2026-07-17 10:15:25,1980.0,1358.0,30.37,1623.0,31.414141414141415
2026-07-17 10:15:41,1514.0,1395.0,30.25,829.0,7.85997357992074
2026-07-17 10:15:56,1586.0,1581.0,30.44,1136.0,0.31525851197982346
2026-07-17 10:16:12,1773.0,1562.0,30.31,731.0,11.900733220530176
2026-07-17 10:16:28,1778.0,1503.0,30.25,1127.0,15.46681664791901
2026-07-17 10:16:43,1850.0,1455.0,30.19,880.0,21.35135135135135
2026-07-17 10:16:59,1941.0,1438.0,30.37,662.0,25.914477073673364
2026-07-17 10:20:37,1381.0,1367.0,30.5,706.0,1.0137581462708183
2026-07-17 10:20:52,1467.0,1409.0,31.44,752.0,3.953646898432175
2026-07-17 10:21:07,1407.0,1358.0,30.56,1200.0,3.482587064676617
2026-07-17 10:22:39,1954.0,1353.0,30.62,855.0,30.75742067553736
2026-07-17 10:22:54,2319.0,1437.0,30.5,1013.0,38.033635187580856
2026-07-17 10:23:10,2781.0,1339.0,30.44,1587.0,51.85185185185185
2026-07-17 10:23:26,3043.0,1400.0,30.31,1293.0,53.99277029247453
2026-07-17 10:23:41,2678.0,1268.0,30.56,685.0,52.65123226288275
2026-07-17 10:23:57,2641.0,1340.0,30.44,854.0,49.26164331692541
2026-07-17 10:24:12,2112.0,1374.0,30.44,1606.0,34.94318181818182
2026-07-17 10:24:43,1482.0,1444.0,30.12,1570.0,2.564102564102564
2026-07-17 10:24:58,109.0,1627.0,30.25,1591.0,-1392.6605504587155
2026-07-17 10:26:47,191.0,1408.0,30.25,1641.0,-637.17277486911
2026-07-17 10:27:03,208.0,1389.0,30.25,1650.0,-567.7884615384615
2026-07-17 10:27:18,186.0,1360.0,30.25,2133.0,-631.1827956989247
2026-07-17 10:27:35,192.0,1357.0,30.19,2230.0,-606.7708333333333
2026-07-17 10:27:50,1865.0,1040.0,31.12,871.0,44.23592493297587
2026-07-17 10:28:05,2687.0,1047.0,30.44,661.0,61.03461109043543
2026-07-17 10:28:21,1683.0,992.0,30.62,1259.0,41.057635175282236
2026-07-17 10:28:37,1489.0,1047.0,30.5,1785.0,29.684351914036267
2026-07-17 10:28:52,1445.0,1106.0,30.5,1091.0,23.460207612456745
2026-07-17 10:29:23,1187.0,865.0,30.12,1126.0,27.12721145745577
2026-07-17 10:29:38,1312.0,912.0,30.44,1199.0,30.48780487804878
2026-07-17 10:29:54,1738.0,864.0,30.12,1615.0,50.287686996547755
2026-07-17 10:30:10,1936.0,838.0,29.94,2072.0,56.71487603305785
2026-07-17 10:30:26,1955.0,868.0,30.06,1328.0,55.60102301790282
2026-07-17 10:30:41,1963.0,903.0,30.0,2030.0,53.99898115129903
2026-07-17 10:30:57,2019.0,816.0,30.31,1129.0,59.58395245170877
2026-07-17 10:31:11,1937.0,961.0,30.19,892.0,50.38719669592153
2026-07-17 10:31:27,2149.0,896.0,30.19,1472.0,58.306188925081436
2026-07-17 10:31:43,2203.0,965.0,30.06,1179.0,56.196096232410355
2026-07-17 10:31:59,1888.0,875.0,30.56,1366.0,53.654661016949156
2026-07-17 10:32:14,2068.0,912.0,30.19,1923.0,55.89941972920697
2026-07-17 10:32:30,2157.0,1022.0,30.37,1295.0,52.619378766805745
2026-07-17 10:32:45,2253.0,1040.0,30.12,1261.0,53.8393253439858
2026-07-17 10:33:01,2154.0,1083.0,30.0,1277.0,49.721448467966574
2026-07-17 10:33:16,1936.0,818.0,30.5,1456.0,57.74793388429752
2026-07-17 10:33:31,2224.0,889.0,30.12,2006.0,60.026978417266186
2026-07-17 10:33:47,1904.0,873.0,30.31,1802.0,54.14915966386554
2026-07-17 10:34:03,2222.0,815.0,29.63,1771.0,63.321332133213325
2026-07-17 10:34:19,2294.0,818.0,30.19,2032.0,64.34176111595467
2026-07-17 10:34:34,1963.0,860.0,30.25,1119.0,56.18950585838003
2026-07-17 10:34:49,2192.0,862.0,30.0,1968.0,60.67518248175182
2026-07-17 10:35:05,1859.0,1049.0,30.0,1088.0,43.57181280258203
2026-07-17 10:35:21,2228.0,990.0,30.0,1958.0,55.56552962298025
2026-07-17 10:35:37,2515.0,1060.0,29.87,1023.0,57.85288270377733
2026-07-17 10:35:52,2670.0,963.0,30.06,947.0,63.93258426966292
2026-07-17 10:36:07,2819.0,970.0,30.31,1034.0,65.59063497694217
2026-07-17 10:36:23,2158.0,1008.0,30.12,999.0,53.29008341056534
2026-07-17 10:36:38,1616.0,957.0,30.37,1116.0,40.77970297029702
2026-07-17 10:36:54,1475.0,959.0,30.31,1845.0,34.983050847457626
2026-07-17 10:37:10,1281.0,879.0,30.25,1855.0,31.381733021077284
2026-07-17 10:37:26,1129.0,914.0,30.25,1382.0,19.04340124003543
2026-07-17 10:37:41,1200.0,925.0,30.06,1793.0,22.916666666666664
2026-07-17 10:37:57,1063.0,963.0,30.19,1731.0,9.407337723424272
2026-07-17 10:38:12,1009.0,938.0,30.19,1695.0,7.036669970267592
2026-07-17 10:38:28,949.0,931.0,30.19,1696.0,1.8967334035827188
2026-07-17 10:38:43,991.0,902.0,30.19,1685.0,8.980827447023207
2026-07-17 10:38:58,1126.0,923.0,30.19,1666.0,18.02841918294849
2026-07-17 10:39:13,1434.0,744.0,30.56,1673.0,48.11715481171548
2026-07-17 10:39:29,1747.0,723.0,30.62,1088.0,58.61476817401259
2026-07-17 10:39:45,1088.0,823.0,30.19,1728.0,24.356617647058822
2026-07-17 10:40:00,914.0,850.0,30.19,1655.0,7.00218818380744
2026-07-17 10:40:15,879.0,898.0,30.19,1671.0,-2.1615472127417523
2026-07-17 10:40:31,960.0,901.0,30.19,1732.0,6.145833333333333
2026-07-17 10:40:46,1097.0,902.0,30.19,1738.0,17.775752051048315
2026-07-17 10:41:02,1059.0,890.0,30.19,1839.0,15.958451369216242
2026-07-17 10:41:17,1071.0,857.0,30.19,1807.0,19.981325863678805
2026-07-17 10:41:33,989.0,858.0,30.19,1831.0,13.245702730030334
2026-07-17 10:41:48,960.0,855.0,30.19,1772.0,10.9375
2026-07-17 10:42:04,962.0,854.0,30.19,1791.0,11.226611226611228
2026-07-17 10:42:18,979.0,850.0,30.19,1744.0,13.176710929519919
2026-07-17 10:42:33,1007.0,899.0,30.19,1744.0,10.724925521350546
2026-07-17 10:42:49,1088.0,917.0,30.19,1743.0,15.716911764705882
2026-07-17 10:43:04,1095.0,884.0,30.19,1712.0,19.269406392694062
2026-07-17 10:43:20,978.0,881.0,30.19,1775.0,9.918200408997956
2026-07-17 10:43:35,1051.0,877.0,30.19,1775.0,16.555661274976213
2026-07-17 10:43:51,1061.0,876.0,30.19,1712.0,17.4363807728558
2026-07-17 10:44:06,1072.0,876.0,30.19,1706.0,18.28358208955224
2026-07-17 10:44:22,995.0,875.0,30.19,1709.0,12.060301507537687
2026-07-17 10:44:37,1018.0,867.0,30.19,1699.0,14.833005893909625
2026-07-17 10:44:52,1104.0,866.0,30.19,1712.0,21.557971014492754
2026-07-17 10:45:08,1136.0,867.0,30.19,1711.0,23.679577464788732
2026-07-17 10:45:24,1095.0,850.0,30.19,1703.0,22.37442922374429
2026-07-17 10:45:39,1063.0,848.0,30.19,1715.0,20.225776105362183
2026-07-17 10:45:55,80.0,812.0,30.19,1718.0,-915.0
2026-07-17 10:46:10,105.0,833.0,30.19,1707.0,-693.3333333333334
2026-07-17 10:50:42,728.0,799.0,30.19,1891.0,-9.752747252747254
2026-07-17 10:50:55,651.0,846.0,30.25,1780.0,-29.953917050691242
2026-07-17 10:51:10,585.0,832.0,30.19,1699.0,-42.22222222222222
2026-07-17 10:51:25,781.0,816.0,30.25,1696.0,-4.481434058898848
2026-07-17 10:51:41,767.0,813.0,30.19,1675.0,-5.9973924380704045
2026-07-17 10:53:25,765.0,905.0,30.25,1749.0,-18.30065359477124
2026-07-17 10:53:41,775.0,949.0,30.25,1716.0,-22.451612903225808
2026-07-17 10:53:56,832.0,930.0,29.25,1777.0,-11.778846153846153
2026-07-17 10:54:11,757.0,912.0,36.19,1665.0,-20.47556142668428
2026-07-17 10:54:27,854.0,1022.0,33.0,1600.0,-19.672131147540984
2026-07-17 10:54:42,1217.0,1229.0,28.75,1114.0,-0.9860312243221034
2026-07-17 10:54:58,967.0,851.0,26.44,1088.0,11.995863495346432
2026-07-17 10:55:14,979.0,860.0,26.12,1121.0,12.155260469867212
2026-07-17 10:55:43,1526.0,673.0,26.0,983.0,55.89777195281782
2026-07-17 10:55:58,2851.0,620.0,26.06,1372.0,78.25324447562258
2026-07-17 10:56:14,2613.0,670.0,26.37,1015.0,74.35897435897436
2026-07-17 10:56:30,2990.0,656.0,26.69,719.0,78.06020066889631
2026-07-17 10:56:45,3114.0,683.0,26.81,955.0,78.06679511881825
2026-07-17 10:57:01,2896.0,721.0,26.87,640.0,75.103591160221
2026-07-17 10:57:16,2942.0,736.0,26.94,767.0,74.98300475866758
2026-07-17 10:57:31,3252.0,726.0,27.06,865.0,77.67527675276753
2026-07-17 10:57:47,3152.0,743.0,27.13,749.0,76.42766497461929
2026-07-17 10:58:02,3008.0,687.0,27.13,1165.0,77.16090425531915
2026-07-17 10:58:19,2922.0,724.0,26.81,646.0,75.22245037645449
2026-07-17 10:58:35,2215.0,759.0,36.31,1059.0,65.73363431151242
2026-07-17 10:58:49,1392.0,822.0,36.25,946.0,40.94827586206897
2026-07-17 10:59:06,1232.0,832.0,35.88,703.0,32.467532467532465
2026-07-17 10:59:21,1166.0,866.0,36.63,1567.0,25.728987993138936
2026-07-17 10:59:37,1008.0,833.0,35.69,1680.0,17.36111111111111
2026-07-17 10:59:52,1019.0,831.0,31.81,1939.0,18.449460255152108
2026-07-17 11:00:08,1033.0,795.0,29.69,1295.0,23.039690222652467
2026-07-17 11:00:24,1337.0,751.0,32.63,1014.0,43.829468960359016
2026-07-17 11:00:55,1134.0,739.0,36.19,1162.0,34.832451499118164
2026-07-17 11:01:10,1023.0,846.0,35.88,1278.0,17.302052785923756
2026-07-17 11:01:26,1003.0,819.0,35.88,1202.0,18.344965104685944
2026-07-17 11:01:42,1018.0,871.0,35.5,1145.0,14.440078585461691
2026-07-17 11:01:57,1019.0,897.0,33.13,1106.0,11.97252208047105
2026-07-17 11:02:12,1023.0,899.0,30.75,1089.0,12.121212121212121
2026-07-17 11:02:28,1208.0,780.0,29.37,833.0,35.430463576158935
2026-07-17 11:02:43,1491.0,663.0,28.69,773.0,55.53319919517102
2026-07-17 11:02:58,1584.0,685.0,28.25,691.0,56.755050505050505
2026-07-17 11:03:14,1590.0,680.0,28.19,799.0,57.23270440251572
2026-07-17 11:03:30,1590.0,715.0,28.06,912.0,55.0314465408805
2026-07-17 11:03:45,1652.0,718.0,28.06,1136.0,56.53753026634383
2026-07-17 11:04:04,1616.0,720.0,28.0,1392.0,55.44554455445545
2026-07-17 11:04:16,1618.0,670.0,27.94,1571.0,58.590852904820764
2026-07-17 11:04:31,1689.0,717.0,27.87,1262.0,57.548845470692726
2026-07-17 11:04:47,1929.0,746.0,27.87,1344.0,61.32711249351996
2026-07-17 11:05:02,2067.0,746.0,27.87,1023.0,63.90904692791485
2026-07-17 11:05:18,2150.0,720.0,27.87,972.0,66.51162790697674
2026-07-17 11:05:33,2196.0,722.0,27.87,1023.0,67.12204007285975
2026-07-17 11:05:49,2251.0,779.0,27.87,853.0,65.39315859617948
2026-07-17 11:06:04,2292.0,688.0,28.25,1003.0,69.9825479930192
2026-07-17 11:06:20,2275.0,728.0,28.06,912.0,68.0
2026-07-17 11:06:36,2321.0,755.0,28.0,842.0,67.47091770788454
2026-07-17 11:06:53,2327.0,720.0,28.06,986.0,69.05887408680704
2026-07-17 11:07:07,2325.0,768.0,28.5,578.0,66.96774193548387
2026-07-17 11:07:22,1968.0,723.0,28.12,1055.0,63.262195121951216
2026-07-17 11:07:39,1858.0,766.0,28.12,783.0,58.77287405812702
2026-07-17 11:08:25,1151.0,769.0,28.25,1232.0,33.18853171155517
2026-07-17 11:08:40,1034.0,752.0,29.94,1153.0,27.27272727272727
2026-07-17 11:08:55,1086.0,864.0,30.06,2238.0,20.441988950276244
2026-07-17 11:09:11,850.0,991.0,30.06,2318.0,-16.58823529411765
2026-07-17 11:09:26,784.0,963.0,30.06,2183.0,-22.831632653061224
2026-07-17 11:09:44,753.0,959.0,30.06,1994.0,-27.35723771580345
2026-07-17 11:09:57,449.0,942.0,30.12,1840.0,-109.79955456570156
2026-07-17 11:11:56,2160.0,780.0,30.25,1414.0,63.888888888888886
2026-07-17 11:12:12,1955.0,778.0,30.19,1348.0,60.204603580562654
2026-07-17 11:12:28,1945.0,837.0,30.06,944.0,56.96658097686375
2026-07-17 11:12:44,1926.0,819.0,30.19,1184.0,57.476635514018696
2026-07-17 11:12:59,1059.0,823.0,30.19,1671.0,22.285174693106704
2026-07-17 11:13:15,973.0,830.0,30.25,1605.0,14.696813977389517
2026-07-17 11:13:30,843.0,827.0,30.19,1613.0,1.8979833926453145
2026-07-17 11:13:46,115.0,812.0,30.25,1589.0,-606.0869565217391
2026-07-17 11:14:01,880.0,791.0,30.19,1555.0,10.113636363636363
2026-07-17 11:14:16,947.0,799.0,30.19,1535.0,15.62829989440338
2026-07-17 11:14:31,822.0,786.0,30.25,1535.0,4.37956204379562
2026-07-17 11:14:48,909.0,784.0,30.25,1535.0,13.751375137513753
2026-07-17 11:15:03,680.0,831.0,30.19,1575.0,-22.205882352941174
2026-07-17 11:15:18,787.0,789.0,30.25,1589.0,-0.25412960609911056
2026-07-17 11:15:35,731.0,785.0,30.19,1585.0,-7.387140902872777
2026-07-17 11:15:50,1093.0,787.0,30.25,1535.0,27.99634034766697
2026-07-17 11:16:20,1859.0,847.0,30.25,1566.0,54.437869822485204
2026-07-17 11:16:36,1535.0,832.0,30.25,1202.0,45.79804560260586
2026-07-17 11:16:52,1925.0,710.0,30.19,895.0,63.116883116883116
2026-07-17 11:17:46,1751.0,823.0,30.25,993.0,52.99828669331811
2026-07-17 11:17:53,1653.0,827.0,30.25,1402.0,49.9697519661222
2026-07-17 11:18:08,1595.0,815.0,30.19,1671.0,48.90282131661442
2026-07-17 11:18:24,1535.0,861.0,30.19,1407.0,43.90879478827362
2026-07-17 11:18:39,1584.0,831.0,30.25,894.0,47.53787878787879
2026-07-17 11:19:03,1488.0,855.0,30.19,1626.0,42.54032258064516
2026-07-17 11:19:13,1601.0,869.0,30.25,1013.0,45.72142410993129
2026-07-17 11:19:28,1452.0,875.0,30.19,817.0,39.73829201101928
2026-07-17 11:19:44,1397.0,876.0,30.31,835.0,37.29420186113099
2026-07-17 11:20:00,1510.0,861.0,30.25,1594.0,42.980132450331126
2026-07-17 11:20:15,1491.0,874.0,30.31,814.0,41.38162307176392
2026-07-17 11:20:30,1662.0,832.0,30.25,898.0,49.939831528279186
2026-07-17 11:20:51,1671.0,795.0,30.31,1098.0,52.42369838420108
2026-07-17 11:21:02,1535.0,880.0,30.31,686.0,42.671009771986974
2026-07-17 11:21:18,1469.0,878.0,30.5,752.0,40.231449965963236
2026-07-17 11:21:34,1535.0,905.0,30.06,720.0,41.042345276872965
2026-07-17 11:21:51,1365.0,845.0,30.5,1083.0,38.095238095238095
2026-07-17 11:22:04,1680.0,846.0,30.31,1327.0,49.642857142857146
2026-07-17 11:22:48,1451.0,890.0,30.06,1569.0,38.662991040661616
2026-07-17 11:23:03,1683.0,892.0,30.25,1334.0,46.99940582293524
2026-07-17 11:23:18,1519.0,906.0,30.25,1189.0,40.355497037524685
2026-07-17 11:23:40,1923.0,839.0,30.37,631.0,56.370254810192414
2026-07-17 11:23:52,1753.0,854.0,30.44,654.0,51.28351397604107
2026-07-17 11:24:04,1487.0,894.0,30.06,1644.0,39.878950907868195
2026-07-17 11:24:21,1596.0,926.0,30.12,915.0,41.97994987468672
2026-07-17 11:24:35,1619.0,895.0,30.31,1283.0,44.71896232242125
2026-07-17 11:24:50,1508.0,891.0,30.44,1622.0,40.91511936339523
2026-07-17 11:25:05,1564.0,912.0,30.19,1626.0,41.687979539641944
2026-07-17 11:25:21,1510.0,836.0,30.5,752.0,44.63576158940397
2026-07-17 11:25:36,1845.0,903.0,29.87,823.0,51.056910569105696
2026-07-17 11:25:52,2471.0,832.0,30.25,1238.0,66.32942128692837
2026-07-17 11:26:07,1667.0,857.0,30.37,1209.0,48.59028194361128
2026-07-17 11:26:23,1491.0,846.0,30.37,825.0,43.25955734406438
2026-07-17 11:26:38,1792.0,845.0,30.37,1500.0,52.84598214285714
2026-07-17 11:26:54,1631.0,725.0,30.25,1038.0,55.54874310239117
2026-07-17 11:27:10,1778.0,764.0,30.25,917.0,57.03037120359955
2026-07-17 11:27:56,1904.0,857.0,30.25,749.0,54.98949579831933
2026-07-17 11:28:10,1751.0,835.0,30.06,1263.0,52.31296402055968
2026-07-17 11:29:30,2028.0,891.0,30.94,1649.0,56.06508875739645
2026-07-17 11:29:45,1936.0,862.0,30.81,893.0,55.47520661157025
2026-07-17 11:30:20,1661.0,871.0,30.5,1658.0,47.56170981336545
2026-07-17 11:30:36,1646.0,816.0,29.81,1470.0,50.42527339003645
2026-07-17 11:30:52,2397.0,871.0,30.75,1207.0,63.66291197329996
2026-07-17 11:31:07,1682.0,893.0,30.37,1188.0,46.908442330558856
2026-07-17 11:31:23,1903.0,871.0,30.81,913.0,54.23016290068313
2026-07-17 11:31:39,1904.0,832.0,30.56,1200.0,56.30252100840336
2026-07-17 11:31:55,2009.0,907.0,30.69,720.0,54.853160776505725
2026-07-17 11:32:10,1850.0,914.0,30.0,1193.0,50.5945945945946
2026-07-17 11:32:26,1966.0,867.0,30.69,1038.0,55.9003051881994
2026-07-17 11:32:41,1814.0,875.0,30.12,1046.0,51.76405733186329
2026-07-17 11:33:28,1167.0,958.0,30.25,1620.0,17.90916880891174
2026-07-17 11:33:43,973.0,948.0,30.25,1572.0,2.5693730729701953
2026-07-17 11:33:58,942.0,858.0,30.25,1577.0,8.9171974522293
2026-07-17 11:34:14,959.0,891.0,30.25,1582.0,7.090719499478623
2026-07-17 11:34:30,960.0,795.0,30.25,1599.0,17.1875
2026-07-17 11:34:47,979.0,899.0,30.25,1559.0,8.171603677221654
2026-07-17 11:35:01,699.0,906.0,30.25,1602.0,-29.613733905579398
2026-07-17 11:35:17,608.0,851.0,30.25,1577.0,-39.96710526315789
2026-07-17 11:35:33,612.0,847.0,30.25,1591.0,-38.39869281045752
2026-07-17 11:35:48,597.0,845.0,30.25,1599.0,-41.541038525963145
